Date,Open,High,Low,Close,Volume,Dividends,Stock Splits
2021-01-04,91.5,91.73,87.88,88.92,2368200,0.0,0.0
2021-01-05,88.85,89.42,88.01,88.44,2720500,0.0,0.0
2021-01-06,87.68,88.45,86.6,87.2,3185800,0.0,0.0
2021-01-07,87.53,89.6,86.79,89.44,2494000,0.0,0.0
2021-01-08,90.04,91.37,89.62,90.67,1997700,0.0,0.0
2021-01-11,90.21,90.33,89.14,89.37,2107100,0.0,0.0
2021-01-12,89.28,89.66,87.6,87.85,2193700,0.0,0.0
2021-01-13,87.55,89.52,87.35,89.26,1809600,0.0,0.0
2021-01-14,89.31,89.65,87.3,87.49,2881200,0.0,0.0
2021-01-15,87.27,88.15,86.84,87.87,3128600,0.0,0.0
2021-01-19,88.67,89.43,87.8,87.91,1976600,0.0,0.0
2021-01-20,88.32,88.64,87.37,88.1,3561800,0.0,0.0
2021-01-21,88.17,88.89,86.55,87.23,1796200,0.0,0.0
2021-01-22,86.98,87.38,85.21,85.52,3278900,0.0,0.0
2021-01-25,85.39,86.31,84.6,85.89,3297700,0.0,0.0
2021-01-26,84.6,87.84,84.03,86.54,2186600,0.0,0.0
2021-01-27,85.8,85.99,84.23,84.84,3290000,0.0,0.0
2021-01-28,82.06,85.6,82.01,83.38,5277400,0.0,0.0
2021-01-29,83.01,83.5,81.62,82.58,4292000,0.0,0.0
2021-02-01,83.54,83.87,81.85,81.92,2126100,0.0,0.0
2021-02-02,82.22,84.72,82.01,83.97,2515000,0.0,0.0
2021-02-03,83.51,84.12,82.45,83.86,2174600,0.0,0.0
2021-02-04,84.54,86.16,84.02,85.43,2441700,0.0,0.0
2021-02-05,85.96,86.19,85.02,85.1,1969500,0.0,0.0
2021-02-08,85.15,86.32,84.61,86.08,2167800,0.0,0.0
2021-02-09,86.3,86.93,85.37,85.8,1486200,0.0,0.0
2021-02-10,86.01,86.74,85.62,86.39,2713600,0.0,0.0
2021-02-11,86.81,88.11,86.22,88.07,2220700,0.0,0.0
2021-02-12,87.27,87.82,86.68,87.65,2094000,0.0,0.0
2021-02-16,88.2,88.2,86.13,86.98,2274500,0.0,0.0
2021-02-17,86.43,86.85,84.78,85.07,2399400,0.0,0.0
2021-02-18,84.44,86.1,83.26,85.24,2293700,0.0,0.0
2021-02-19,85.59,85.82,83.99,84.31,4797500,0.0,0.0
2021-02-22,83.81,84.0,82.76,83.34,3201100,0.0,0.0
2021-02-23,83.63,85.63,82.44,85.22,4287500,0.0,0.0
2021-02-24,85.28,86.08,84.44,84.45,1931800,0.0,0.0
2021-02-25,84.15,85.09,82.92,83.97,2107300,0.0,0.0
2021-02-26,84.35,84.35,82.71,83.1,2641900,0.0,0.0
2021-03-01,83.99,85.79,83.99,85.77,3181700,0.0,0.0
2021-03-02,86.0,86.88,85.48,86.28,3315800,0.0,0.0
2021-03-03,85.78,86.41,84.24,84.25,2514300,0.0,0.0
2021-03-04,84.25,84.88,81.23,81.88,2764000,0.0,0.0
2021-03-05,82.29,82.49,78.86,81.72,2771500,0.0,0.0
2021-03-08,81.37,82.38,80.29,80.32,2779900,0.0,0.0
2021-03-09,81.12,83.42,80.9,82.02,2293800,0.0,0.0
2021-03-10,82.58,84.96,82.25,82.98,2771800,0.0,0.0
2021-03-11,83.64,84.39,82.59,82.97,1996100,0.0,0.0
2021-03-12,83.07,83.24,81.96,82.07,1865500,0.0,0.0
2021-03-15,81.66,82.1,80.79,81.14,3764000,0.0,0.0
2021-03-16,81.31,82.18,80.62,81.26,2494600,0.0,0.0
2021-03-17,81.01,81.21,79.72,80.38,2303800,0.0,0.0
2021-03-18,80.0,80.2,78.58,78.68,2363300,0.0,0.0
2021-03-19,78.67,80.14,78.44,79.41,3507800,0.0,0.0
2021-03-22,78.99,80.42,78.8,79.66,2497100,0.0,0.0
2021-03-23,79.69,80.81,79.31,79.77,2390800,0.0,0.0
2021-03-24,80.0,80.93,79.66,80.21,2494500,0.0,0.0
2021-03-25,80.33,80.8,79.3,80.55,2758500,0.0,0.0
2021-03-26,80.75,82.41,80.21,82.3,2784700,0.0,0.0
2021-03-29,82.14,83.18,81.2,82.43,2376100,0.0,0.0
2021-03-30,82.09,83.22,81.97,82.85,3001400,0.0,0.0
2021-03-31,83.35,84.33,83.17,83.64,3567600,0.0,0.0
2021-04-01,83.98,84.44,83.12,83.84,2424100,0.0,0.0
2021-04-05,84.91,86.24,84.48,85.74,2555400,0.0,0.0
2021-04-06,85.2,86.55,85.19,85.41,2324600,0.0,0.0
2021-04-07,85.44,85.99,84.02,84.12,2549100,0.0,0.0
2021-04-08,84.88,85.14,84.03,84.16,2461200,0.0,0.0
2021-04-09,84.51,86.0,83.8,85.99,2550800,0.0,0.0
2021-04-12,85.75,86.53,85.43,85.82,2600500,0.0,0.0
2021-04-13,85.54,86.81,85.39,86.44,2042700,0.0,0.0
2021-04-14,86.36,87.66,86.14,86.25,1963300,0.0,0.0
2021-04-15,86.45,88.4,86.45,88.0,1860700,0.0,0.0
2021-04-16,88.57,89.13,87.66,89.02,6863400,0.0,0.0
2021-04-19,88.37,89.03,87.81,88.56,2671600,0.0,0.0
2021-04-20,88.76,91.03,88.73,89.63,3943300,0.0,0.0
2021-04-21,90.31,95.96,90.31,95.24,7071200,0.0,0.0
2021-04-22,94.4,96.39,93.76,96.15,4050400,0.0,0.0
2021-04-23,96.27,98.11,96.05,97.45,2422800,0.0,0.0
2021-04-26,97.28,97.55,95.51,96.03,2954500,0.0,0.0
2021-04-27,95.93,96.62,95.66,96.15,2094900,0.0,0.0
2021-04-28,96.33,97.01,95.86,96.78,2405400,0.0,0.0
2021-04-29,97.3,97.39,96.01,96.26,2347200,0.0,0.0
2021-04-30,95.92,96.42,94.85,95.52,2252700,0.0,0.0
2021-05-03,95.85,95.99,94.2,94.63,2327200,0.0,0.0
2021-05-04,94.13,94.13,92.48,93.31,2511400,0.0,0.0
2021-05-05,93.61,93.72,90.24,91.77,2455900,0.0,0.0
2021-05-06,91.48,91.87,90.36,91.75,2402800,0.0,0.0
2021-05-07,91.87,93.67,91.8,92.17,2255100,0.0,0.0
2021-05-10,92.22,92.4,90.25,90.4,2356500,0.0,0.0
2021-05-11,89.41,90.2,88.66,89.51,2175300,0.0,0.0
2021-05-12,88.56,88.88,87.32,87.47,1905800,0.0,0.0
2021-05-13,88.08,88.62,87.36,87.94,1094000,0.0,0.0
2021-05-14,88.3,89.94,88.01,89.49,2074700,0.0,0.0
2021-05-17,89.23,90.21,89.12,89.85,3412800,0.0,0.0
2021-05-18,90.25,91.06,89.61,90.07,1552200,0.0,0.0
2021-05-19,89.18,90.7,88.96,90.68,1974200,0.0,0.0
2021-05-20,91.02,93.27,91.02,92.8,2203900,0.0,0.0
2021-05-21,93.13,94.63,93.13,94.2,3472800,0.0,0.0
2021-05-24,95.0,96.47,94.92,95.45,3147100,0.0,0.0
2021-05-25,95.96,96.76,95.81,96.68,2230700,0.0,0.0
2021-05-26,97.28,97.28,94.68,96.0,2308400,0.0,0.0
2021-05-27,95.8,95.82,94.31,94.35,3799600,0.0,0.0
2021-05-28,95.29,96.44,95.27,95.9,2097800,0.0,0.0
2021-06-01,96.69,96.7,94.75,95.12,2010600,0.0,0.0
2021-06-02,94.89,95.13,93.08,93.38,1791800,0.0,0.0
2021-06-03,92.8,94.59,92.59,94.34,2212200,0.0,0.0
2021-06-04,95.15,96.35,95.07,95.87,2133000,0.0,0.0
2021-06-07,95.84,98.04,95.76,96.34,1944600,0.0,0.0
2021-06-08,96.98,97.4,95.88,96.98,1898300,0.0,0.0
2021-06-09,97.45,97.83,96.82,97.08,1889500,0.0,0.0
2021-06-10,97.24,99.95,97.16,99.94,2938300,0.0,0.0
2021-06-11,99.55,100.1,99.06,99.99,2843700,0.0,0.0
2021-06-14,99.91,101.0,99.58,100.96,2024300,0.0,0.0
2021-06-15,101.17,101.28,99.91,100.28,1503100,0.0,0.0
2021-06-16,100.74,101.21,99.53,100.14,2511000,0.0,0.0
2021-06-17,99.98,101.21,99.76,100.99,2538700,0.0,0.0
2021-06-18,100.12,101.53,100.07,100.71,3222600,0.0,0.0
2021-06-21,101.46,103.28,100.43,102.84,2059300,0.0,0.0
2021-06-22,102.88,104.74,102.66,104.52,2542200,0.0,0.0
2021-06-23,104.25,105.1,104.25,104.76,2068800,0.0,0.0
2021-06-24,105.53,105.58,103.72,103.8,1849100,0.0,0.0
2021-06-25,104.11,104.73,103.19,103.57,2947600,0.0,0.0
2021-06-28,103.64,104.0,101.74,102.58,4900500,0.0,0.0
2021-06-29,102.57,103.79,102.19,103.59,1989400,0.0,0.0
2021-06-30,103.96,104.64,103.24,103.57,2517300,0.0,0.0
2021-07-01,103.6,105.0,103.53,104.81,2661700,0.0,0.0
2021-07-02,105.3,106.73,105.06,106.59,1838100,0.0,0.0
2021-07-06,106.58,106.58,105.07,106.46,2205000,0.0,0.0
2021-07-07,106.89,108.07,105.97,107.88,2495500,0.0,0.0
2021-07-08,106.72,108.29,106.11,108.19,1805500,0.0,0.0
2021-07-09,108.41,109.01,107.1,107.51,1567300,0.0,0.0
2021-07-12,107.48,107.7,106.21,106.84,2420100,0.0,0.0
2021-07-13,107.01,107.04,105.89,106.74,1378800,0.0,0.0
2021-07-14,106.85,107.55,106.52,106.79,1755100,0.0,0.0
2021-07-15,106.57,106.83,105.45,106.34,2540300,0.0,0.0
2021-07-16,106.93,107.46,106.14,106.92,5378500,0.0,0.0
2021-07-19,106.1,106.1,102.7,102.91,4677300,0.0,0.0
2021-07-20,103.36,107.08,103.21,106.58,2783500,0.0,0.0
2021-07-21,107.28,107.32,105.3,106.05,2109700,0.0,0.0
2021-07-22,106.31,107.1,105.59,107.06,1195100,0.0,0.0
2021-07-23,108.08,109.67,107.44,109.4,2527900,0.0,0.0
2021-07-26,109.01,109.15,107.88,108.89,2576000,0.0,0.0
2021-07-27,109.01,110.14,108.8,109.9,1781700,0.0,0.0
2021-07-28,110.0,110.78,109.39,110.06,1592800,0.0,0.0
2021-07-29,110.33,111.96,109.96,111.62,3439000,0.0,0.0
2021-07-30,113.38,114.23,109.83,112.27,3518100,0.0,0.0
2021-08-02,112.42,113.84,112.08,113.28,2274800,0.0,0.0
2021-08-03,113.32,114.74,113.05,114.7,2088100,0.0,0.0
2021-08-04,114.67,114.99,113.54,114.46,2079300,0.0,0.0
2021-08-05,115.0,115.6,113.18,114.78,1652600,0.0,0.0
2021-08-06,114.5,115.4,113.96,115.21,1594100,0.0,0.0
2021-08-09,115.54,115.83,113.8,114.33,1594900,0.0,0.0
2021-08-10,114.39,114.66,111.76,111.95,2390400,0.0,0.0
2021-08-11,112.11,112.28,110.82,111.14,1805500,0.0,0.0
2021-08-12,111.21,112.25,110.97,111.77,1313400,0.0,0.0
2021-08-13,111.79,113.18,111.31,113.15,1958900,0.0,0.0
2021-08-16,113.05,114.42,112.73,114.36,1996000,0.0,0.0
2021-08-17,113.9,117.41,113.75,117.26,2689200,0.0,0.0
2021-08-18,117.51,118.18,116.18,116.26,2000400,0.0,0.0
2021-08-19,115.52,118.31,115.31,117.95,1258800,0.0,0.0
2021-08-20,118.02,119.33,117.31,118.95,1470400,0.0,0.0
2021-08-23,119.54,119.94,116.9,116.96,2315800,0.0,0.0
2021-08-24,116.45,118.71,115.67,118.09,2086400,0.0,0.0
2021-08-25,117.83,118.0,116.35,117.02,1958400,0.0,0.0
2021-08-26,116.79,117.11,116.09,116.96,1645300,0.0,0.0
2021-08-27,117.56,117.71,116.09,116.39,1611300,0.0,0.0
2021-08-30,116.87,118.48,116.54,118.04,1429900,0.0,0.0
2021-08-31,118.0,118.72,116.37,117.18,2322800,0.0,0.0
2021-09-01,117.5,119.59,116.84,119.43,1795000,0.0,0.0
2021-09-02,120.0,120.94,119.7,120.61,1913000,0.0,0.0
2021-09-03,120.26,121.37,119.94,121.07,1280800,0.0,0.0
2021-09-07,120.82,122.12,119.7,121.99,1907200,0.0,0.0
2021-09-08,121.26,123.27,120.91,122.75,1678000,0.0,0.0
2021-09-09,122.88,123.0,121.86,122.08,1553900,0.0,0.0
2021-09-10,122.59,123.0,120.58,120.89,1869800,0.0,0.0
2021-09-13,121.58,121.8,117.85,119.35,1537900,0.0,0.0
2021-09-14,120.45,121.34,119.41,120.94,1589700,0.0,0.0
2021-09-15,120.63,121.89,119.93,121.02,1864600,0.0,0.0
2021-09-16,121.48,121.6,119.52,120.69,1906600,0.0,0.0
2021-09-17,116.85,119.67,116.85,119.42,3695300,0.0,0.0
2021-09-20,118.17,118.93,116.36,117.99,2448400,0.0,0.0
2021-09-21,118.95,120.15,118.42,118.5,1360200,0.0,0.0
2021-09-22,118.64,120.41,118.03,119.66,1579200,0.0,0.0
2021-09-23,120.36,121.79,119.65,121.02,1518400,0.0,0.0
2021-09-24,120.46,120.9,119.1,120.07,1672500,0.0,0.0
2021-09-27,119.31,119.83,115.76,117.07,1804700,0.0,0.0
2021-09-28,115.71,115.79,112.96,113.86,2422900,0.0,0.0
2021-09-29,114.23,115.4,113.29,113.52,2934400,0.0,0.0
2021-09-30,114.0,115.49,113.17,113.21,2987300,0.0,0.0
2021-10-01,113.32,113.58,110.64,112.28,4396100,0.0,0.0
2021-10-04,111.72,111.96,105.66,106.37,5127900,0.0,0.0
2021-10-05,106.96,110.58,106.83,108.83,2851800,0.0,0.0
2021-10-06,107.91,109.6,107.54,109.48,2250600,0.0,0.0
2021-10-07,110.77,112.52,110.71,110.89,2289600,0.0,0.0
2021-10-08,110.91,111.18,108.62,108.73,1962400,0.0,0.0
2021-10-11,108.0,109.36,107.7,108.49,1762900,0.0,0.0
2021-10-12,109.33,109.85,108.18,108.81,1534100,0.0,0.0
2021-10-13,109.32,110.61,109.02,109.1,2151600,0.0,0.0
2021-10-14,111.08,113.0,110.69,111.57,1656000,0.0,0.0
2021-10-15,111.96,112.49,111.54,112.16,1666900,0.0,0.0
2021-10-18,110.91,111.53,109.64,111.09,1813900,0.0,0.0
2021-10-19,112.05,115.69,111.94,115.0,2154200,0.0,0.0
2021-10-20,115.75,116.26,114.34,115.6,2026600,0.0,0.0
2021-10-21,115.54,116.08,114.75,115.74,1764600,0.0,0.0
2021-10-22,115.93,116.97,115.51,116.59,1963300,0.0,0.0
2021-10-25,116.93,118.07,115.59,117.3,1876900,0.0,0.0
2021-10-26,117.7,117.84,116.36,116.99,1661700,0.0,0.0
2021-10-27,116.6,116.9,114.69,116.07,1785600,0.0,0.0
2021-10-28,110.0,116.84,110.0,116.51,4373900,0.0,0.0
2021-10-29,115.77,120.11,114.38,119.82,3340900,0.0,0.0
2021-11-01,120.41,120.62,115.24,115.56,3219700,0.0,0.0
2021-11-02,115.89,117.25,114.89,116.94,2822500,0.0,0.0
2021-11-03,117.1,117.86,115.35,117.25,2166900,0.0,0.0
2021-11-04,117.73,118.32,116.53,117.37,1724200,0.0,0.0
2021-11-05,116.63,119.09,116.4,118.65,2214500,0.0,0.0
2021-11-08,119.4,119.8,118.54,119.54,1449800,0.0,0.0
2021-11-09,119.23,120.49,118.92,120.04,1553400,0.0,0.0
2021-11-10,119.79,120.79,118.38,118.77,1665300,0.0,0.0
2021-11-11,119.0,119.16,114.04,114.31,2471200,0.0,0.0
2021-11-12,114.89,116.53,114.61,116.0,1772100,0.0,0.0
2021-11-15,116.35,117.14,115.61,116.69,1704000,0.0,0.0
2021-11-16,116.81,119.54,116.13,119.04,2285700,0.0,0.0
2021-11-17,119.08,119.5,117.24,118.35,2062300,0.0,0.0
2021-11-18,118.88,118.88,116.38,117.03,1741500,0.0,0.0
2021-11-19,117.62,117.82,116.01,117.03,2438300,0.0,0.0
2021-11-22,117.39,117.75,114.79,114.84,1848300,0.0,0.0
2021-11-23,114.14,115.0,111.3,112.63,2391800,0.0,0.0
2021-11-24,112.23,114.87,112.23,114.49,2147900,0.0,0.0
2021-11-26,114.14,114.86,109.25,109.52,2249400,0.0,0.0
2021-11-29,110.58,112.88,110.2,110.71,3791100,0.0,0.0
2021-11-30,110.06,111.56,107.12,107.31,6271400,0.0,0.0
2021-12-01,108.41,109.95,107.26,107.43,3497900,0.0,0.0
2021-12-02,107.63,110.3,107.12,109.82,2527300,0.0,0.0
2021-12-03,110.69,111.44,107.15,108.48,3146800,0.0,0.0
2021-12-06,110.5,113.1,108.79,111.96,2643600,0.0,0.0
2021-12-07,113.77,116.43,113.37,115.52,2727000,0.0,0.0
2021-12-08,116.04,119.62,115.7,119.46,3381100,0.0,0.0
2021-12-09,120.0,121.92,119.49,120.34,2841200,0.0,0.0
2021-12-10,121.49,122.34,120.55,121.84,2227600,0.0,0.0
2021-12-13,121.83,122.03,120.27,120.74,1757900,0.0,0.0
2021-12-14,119.49,119.49,115.74,116.9,2275200,0.0,0.0
2021-12-15,118.78,120.39,117.06,119.91,2531000,0.0,0.0
2021-12-16,120.63,122.5,118.88,119.57,2866600,0.0,0.0
2021-12-17,121.24,123.56,120.42,122.12,6488800,0.0,0.0
2021-12-20,120.44,120.96,117.88,120.03,3263500,0.0,0.0
2021-12-21,121.07,124.56,120.87,124.4,2223600,0.0,0.0
2021-12-22,124.2,128.02,124.2,127.83,2185700,0.0,0.0
2021-12-23,128.0,129.12,127.65,128.57,1732200,0.0,0.0
2021-12-27,129.07,130.6,128.18,130.58,1254000,0.0,0.0
2021-12-28,130.83,130.9,128.98,129.35,1298100,0.0,0.0
2021-12-29,129.67,131.19,129.6,130.64,1137400,0.0,0.0
2021-12-30,130.82,131.73,130.39,130.68,1112400,0.0,0.0
2021-12-31,130.31,130.94,129.27,129.55,1193700,0.0,0.0
2022-01-03,129.07,129.51,126.43,128.34,1765700,0.0,0.0
2022-01-04,128.37,129.53,126.94,127.89,2020300,0.0,0.0
2022-01-05,127.55,128.36,123.92,123.92,2201700,0.0,0.0
2022-01-06,124.35,125.4,122.97,123.23,2602100,0.0,0.0
2022-01-07,122.16,123.81,121.02,122.3,2172000,0.0,0.0
2022-01-10,120.53,121.22,117.72,120.12,2652600,0.0,0.0
2022-01-11,120.6,122.19,118.54,121.94,2389400,0.0,0.0
2022-01-12,121.19,123.77,121.19,122.26,2006900,0.0,0.0
2022-01-13,122.57,122.9,120.05,120.46,1696000,0.0,0.0
2022-01-14,119.44,120.21,116.7,118.26,2112800,0.0,0.0
2022-01-18,115.0,116.52,114.17,115.83,2601200,0.0,0.0
2022-01-19,116.25,118.15,115.97,116.16,2245300,0.0,0.0
2022-01-20,117.2,119.56,115.34,115.56,1825500,0.0,0.0
2022-01-21,115.52,115.55,112.23,112.65,3144900,0.0,0.0
2022-01-24,110.3,110.75,105.14,110.6,4692000,0.0,0.0
2022-01-25,107.94,111.12,106.53,109.49,3211900,0.0,0.0
2022-01-26,111.05,112.16,107.37,108.63,3144300,0.0,0.0
2022-01-27,100.0,106.04,99.62,101.96,6876000,0.0,0.0
2022-01-28,102.37,105.02,96.39,104.87,3828600,0.0,0.0
2022-01-31,105.32,109.41,105.0,109.2,3398300,0.0,0.0
2022-02-01,109.59,110.54,107.02,108.37,3731900,0.0,0.0
2022-02-02,111.79,112.99,109.77,112.84,3385300,0.0,0.0
2022-02-03,110.8,113.91,110.59,111.59,2655300,0.0,0.0
2022-02-04,110.6,113.21,110.26,112.18,2303700,0.0,0.0
2022-02-07,111.6,113.34,110.61,111.13,1833500,0.0,0.0
2022-02-08,110.35,111.81,108.83,111.42,3798300,0.0,0.0
2022-02-09,113.04,114.12,111.96,112.59,3025500,0.0,0.0
2022-02-10,110.16,112.77,110.06,110.64,2338200,0.0,0.0
2022-02-11,110.8,112.0,108.82,109.0,2797300,0.0,0.0
2022-02-14,108.34,109.48,106.42,107.73,2405100,0.0,0.0
2022-02-15,108.55,110.97,108.55,110.93,3034700,0.0,0.0
2022-02-16,110.21,111.11,108.5,110.66,2823700,0.0,0.0
2022-02-17,109.64,109.8,106.7,106.88,2269000,0.0,0.0
2022-02-18,106.66,107.27,104.91,105.62,2525600,0.0,0.0
2022-02-22,104.99,107.27,104.81,105.94,2074600,0.0,0.0
2022-02-23,106.46,107.6,105.07,105.33,2235000,0.0,0.0
2022-02-24,103.26,110.04,102.57,109.64,3112000,0.0,0.0
2022-02-25,109.58,113.11,108.55,113.03,2157300,0.0,0.0
2022-02-28,111.07,113.14,110.29,112.37,3072400,0.0,0.0
2022-03-01,112.35,112.97,110.55,111.61,2001300,0.0,0.0
2022-03-02,112.51,112.82,110.83,111.38,2486500,0.0,0.0
2022-03-03,112.31,113.4,110.32,111.98,2405400,0.0,0.0
2022-03-04,111.36,111.46,108.47,110.64,2280400,0.0,0.0
2022-03-07,110.33,110.81,107.22,108.35,1887500,0.0,0.0
2022-03-08,107.6,107.77,101.84,102.0,3553200,0.0,0.0
2022-03-09,104.91,106.38,103.23,105.91,3320800,0.0,0.0
2022-03-10,104.09,106.0,104.07,105.7,2091400,0.0,0.0
2022-03-11,106.81,106.98,103.4,103.45,2030400,0.0,0.0
2022-03-14,104.21,105.15,100.97,102.25,2391300,0.0,0.0
2022-03-15,104.71,106.22,103.83,106.15,2251100,0.0,0.0
2022-03-16,108.42,109.84,106.62,109.79,2144500,0.0,0.0
2022-03-17,109.12,112.61,109.05,112.54,1952000,0.0,0.0
2022-03-18,113.01,113.23,111.08,112.77,3975600,0.0,0.0
2022-03-21,112.0,113.42,110.48,111.55,1683200,0.0,0.0
2022-03-22,110.25,113.5,109.27,112.95,3011300,0.0,0.0
2022-03-23,110.39,111.6,106.78,107.2,2827300,0.0,0.0
2022-03-24,108.52,109.5,107.17,109.46,1833000,0.0,0.0
2022-03-25,110.31,112.45,109.83,112.37,1689900,0.0,0.0
2022-03-28,112.49,114.16,111.5,114.13,1926700,0.0,0.0
2022-03-29,115.31,116.8,114.94,116.75,2249300,0.0,0.0
2022-03-30,116.45,118.42,116.05,117.09,2099100,0.0,0.0
2022-03-31,118.0,120.43,117.3,117.72,3721700,0.0,0.0
2022-04-01,119.5,123.57,118.75,123.07,4770500,0.0,0.0
2022-04-04,122.2,123.2,118.84,120.28,2310300,0.0,0.0
2022-04-05,120.09,122.32,119.56,120.22,2225900,0.0,0.0
2022-04-06,119.31,120.69,117.15,120.36,2049200,0.0,0.0
2022-04-07,120.3,124.3,119.67,123.74,2981200,0.0,0.0
2022-04-08,123.07,125.11,122.36,123.92,2829400,0.0,0.0
2022-04-11,122.96,123.4,119.74,121.5,2501100,0.0,0.0
2022-04-12,122.29,123.99,120.06,120.84,1970300,0.0,0.0
2022-04-13,121.33,122.32,119.91,121.91,1674100,0.0,0.0
2022-04-14,122.28,122.5,119.59,120.02,2361300,0.0,0.0
2022-04-18,119.93,120.73,118.57,119.28,1541100,0.0,0.0
2022-04-19,119.43,124.93,119.43,124.52,3020600,0.0,0.0
2022-04-20,125.09,129.33,124.72,128.27,3256700,0.0,0.0
2022-04-21,129.07,131.1,125.44,125.61,3814300,0.0,0.0
2022-04-22,124.01,124.19,118.08,118.38,3237100,0.0,0.0
2022-04-25,118.0,119.9,116.64,119.8,2830300,0.0,0.0
2022-04-26,118.67,119.89,116.01,116.27,3479200,0.0,0.0
2022-04-27,114.0,115.69,109.67,109.8,6463100,0.0,0.0
2022-04-28,110.16,110.79,107.2,109.77,3281500,0.0,0.0
2022-04-29,108.67,110.1,105.39,105.78,3274700,0.0,0.0
2022-05-02,105.72,106.78,102.56,104.83,3635000,0.0,0.0
2022-05-03,105.58,106.78,105.13,105.93,3027400,0.0,0.0
2022-05-04,105.91,109.19,103.62,108.65,3081200,0.0,0.0
2022-05-05,107.89,108.69,102.09,103.36,2718000,0.0,0.0
2022-05-06,102.41,102.81,99.5,100.52,4024100,0.0,0.0
2022-05-09,98.71,99.01,93.86,94.69,4042700,0.0,0.0
2022-05-10,96.2,97.37,92.79,94.83,3035800,0.0,0.0
2022-05-11,94.54,96.85,92.96,93.27,3435100,0.0,0.0
2022-05-12,92.0,94.6,91.52,93.44,3753900,0.0,0.0
2022-05-13,95.1,98.1,95.0,97.55,2569600,0.0,0.0
2022-05-16,96.85,97.91,95.76,95.93,2385200,0.0,0.0
2022-05-17,97.5,98.13,96.37,97.39,2269600,0.0,0.0
2022-05-18,96.09,96.25,93.01,93.41,2155600,0.0,0.0
2022-05-19,92.88,95.22,92.6,94.37,2407000,0.0,0.0
2022-05-20,95.53,95.97,91.94,94.32,2956700,0.0,0.0
2022-05-23,95.5,96.82,94.22,96.13,2620000,0.0,0.0
2022-05-24,95.52,95.8,92.95,94.54,3043400,0.0,0.0
2022-05-25,94.21,97.2,93.6,96.85,3832900,0.0,0.0
2022-05-26,97.0,99.33,96.04,98.57,2995000,0.0,0.0
2022-05-27,99.71,101.29,99.21,101.12,2445400,0.0,0.0
2022-05-31,100.06,101.69,98.7,100.85,5809600,0.0,0.0
2022-06-01,101.16,101.41,96.37,97.34,2026600,0.0,0.0
2022-06-02,97.38,101.34,96.29,101.21,1601500,0.0,0.0
2022-06-03,100.0,100.21,96.38,96.73,2462700,0.0,0.0
2022-06-06,98.13,98.82,95.97,96.41,2986100,0.0,0.0
2022-06-07,96.13,97.43,95.41,97.25,1485500,0.0,0.0
2022-06-08,96.68,97.54,95.85,96.29,1996700,0.0,0.0
2022-06-09,95.55,96.36,93.6,93.64,2687400,0.0,0.0
2022-06-10,92.0,94.05,91.34,93.0,2379200,0.0,0.0
2022-06-13,90.0,90.8,88.07,88.55,2873000,0.0,0.0
2022-06-14,87.41,88.66,85.58,86.5,2965400,0.0,0.0
2022-06-15,87.81,90.07,86.75,88.78,3292900,0.0,0.0
2022-06-16,86.3,87.92,85.67,87.73,3132700,0.0,0.0
2022-06-17,88.16,90.05,87.08,87.79,3397500,0.0,0.0
2022-06-21,89.31,90.35,88.6,89.34,2179800,0.0,0.0
2022-06-22,88.72,91.95,88.52,90.79,2504600,0.0,0.0
2022-06-23,91.6,94.0,91.54,93.62,2391300,0.0,0.0
2022-06-24,94.55,97.07,93.41,96.98,3824800,0.0,0.0
2022-06-27,96.9,97.45,95.76,96.81,3995400,0.0,0.0
2022-06-28,97.27,98.25,94.61,94.73,3701800,0.0,0.0
2022-06-29,94.85,96.4,93.37,96.03,1826200,0.0,0.0
2022-06-30,94.92,96.14,93.82,95.09,2448300,0.0,0.0
2022-07-01,94.92,97.71,94.76,97.39,2081200,0.0,0.0
2022-07-05,96.01,98.01,94.82,97.97,2097400,0.0,0.0
2022-07-06,98.0,98.85,96.58,97.98,2083900,0.0,0.0
2022-07-07,97.76,98.75,97.17,98.43,1906800,0.0,0.0
2022-07-08,97.6,99.12,97.06,98.39,1562800,0.0,0.0
2022-07-11,97.33,97.8,96.47,96.88,1973100,0.0,0.0
2022-07-12,97.08,98.63,95.91,96.34,2616200,0.0,0.0
2022-07-13,94.44,97.27,93.8,95.93,1765200,0.0,0.0
2022-07-14,94.43,97.15,94.1,96.91,2096800,0.0,0.0
2022-07-15,98.51,99.94,98.24,99.43,1943800,0.0,0.0
2022-07-18,99.58,100.41,97.06,97.45,1658100,0.0,0.0
2022-07-19,99.04,101.42,98.5,101.24,2364000,0.0,0.0
2022-07-20,101.26,103.12,100.79,101.53,2328800,0.0,0.0
2022-07-21,102.12,104.19,101.64,103.77,2569400,0.0,0.0
2022-07-22,103.2,104.85,101.72,102.58,2535000,0.0,0.0
2022-07-25,102.55,102.86,101.08,102.09,2182800,0.0,0.0
2022-07-26,102.19,102.5,101.29,102.13,1981400,0.0,0.0
2022-07-27,103.67,106.15,103.42,105.61,2557300,0.0,0.0
2022-07-28,105.8,107.92,103.73,107.29,3032100,0.0,0.0
2022-07-29,100.04,101.98,98.67,100.54,7246600,0.0,0.0
2022-08-01,99.81,100.73,99.14,99.45,2992000,0.0,0.0
2022-08-02,99.0,103.45,98.9,102.22,2410200,0.0,0.0
2022-08-03,102.21,104.06,101.22,103.45,1896200,0.0,0.0
2022-08-04,103.68,104.88,102.95,104.85,1849300,0.0,0.0
2022-08-05,103.66,106.26,103.47,106.12,2033400,0.0,0.0
2022-08-08,106.81,107.18,104.9,105.46,1914400,0.0,0.0
2022-08-09,105.01,105.27,101.24,101.44,2802900,0.0,0.0
2022-08-10,103.55,103.98,102.4,103.86,1979700,0.0,0.0
2022-08-11,104.54,105.79,103.58,103.92,1800100,0.0,0.0
2022-08-12,104.16,104.94,103.12,104.8,1609600,0.0,0.0
2022-08-15,104.52,105.45,103.34,104.74,2183600,0.0,0.0
2022-08-16,104.07,104.13,101.9,102.28,2969700,0.0,0.0
2022-08-17,101.45,102.12,100.23,100.53,2787800,0.0,0.0
2022-08-18,100.42,100.57,98.31,99.51,2320700,0.0,0.0
2022-08-19,99.22,99.4,97.62,98.55,2610600,0.0,0.0
2022-08-22,97.16,98.22,95.52,95.87,2073200,0.0,0.0
2022-08-23,95.3,95.3,93.57,94.15,2289500,0.0,0.0
2022-08-24,94.82,95.59,93.5,94.96,2546500,0.0,0.0
2022-08-25,95.98,96.67,95.13,96.65,1753200,0.0,0.0
2022-08-26,95.99,96.34,91.08,91.24,2210300,0.0,0.0
2022-08-29,90.27,90.76,89.43,90.36,2607300,0.0,0.0
2022-08-30,91.36,91.93,89.78,90.43,2900600,0.0,0.0
2022-08-31,91.46,92.16,90.06,90.1,2786700,0.0,0.0
2022-09-01,89.4,90.22,87.94,90.12,4041300,0.0,0.0
2022-09-02,91.24,91.34,88.11,88.69,1920400,0.0,0.0
2022-09-06,89.0,89.78,88.24,89.06,2172700,0.0,0.0
2022-09-07,88.88,92.29,88.88,91.98,3119200,0.0,0.0
2022-09-08,90.94,95.56,90.89,95.52,4008200,0.0,0.0
2022-09-09,95.74,97.74,95.0,97.25,2867300,0.0,0.0
2022-09-12,97.54,98.09,96.86,97.36,2723100,0.0,0.0
2022-09-13,94.93,95.58,94.04,94.28,2177900,0.0,0.0
2022-09-14,94.3,94.9,93.2,94.12,1627400,0.0,0.0
2022-09-15,94.68,98.35,94.4,94.88,2570300,0.0,0.0
2022-09-16,94.1,94.1,91.95,93.35,3344300,0.0,0.0
2022-09-19,92.43,92.65,88.0,88.83,4470300,0.0,0.0
2022-09-20,88.0,88.59,86.19,87.19,3732000,0.0,0.0
2022-09-21,87.33,88.68,85.18,85.22,2167400,0.0,0.0
2022-09-22,84.85,85.38,83.42,84.17,2751200,0.0,0.0
2022-09-23,83.83,84.86,82.92,84.74,3318600,0.0,0.0
2022-09-26,84.09,85.12,83.31,83.59,2030200,0.0,0.0
2022-09-27,84.34,84.6,81.87,82.37,3106300,0.0,0.0
2022-09-28,82.71,84.65,82.02,84.24,2874100,0.0,0.0
2022-09-29,83.47,84.43,82.79,83.83,2659600,0.0,0.0
2022-09-30,84.0,85.84,82.5,82.63,2726000,0.0,0.0
2022-10-03,83.65,86.01,83.15,85.46,2178100,0.0,0.0
2022-10-04,86.95,88.4,86.58,87.18,2391000,0.0,0.0
2022-10-05,85.91,87.89,85.64,87.44,2971500,0.0,0.0
2022-10-06,86.86,88.09,86.3,86.48,2170200,0.0,0.0
2022-10-07,85.57,85.73,83.66,84.23,2294200,0.0,0.0
2022-10-10,84.9,85.0,82.4,82.75,1666800,0.0,0.0
2022-10-11,82.12,83.09,80.9,82.15,2318000,0.0,0.0
2022-10-12,83.07,84.15,82.16,82.65,2487700,0.0,0.0
2022-10-13,80.83,85.0,80.69,84.22,2564700,0.0,0.0
2022-10-14,84.77,85.8,81.85,82.42,2354600,0.0,0.0
2022-10-17,83.79,85.76,83.18,85.49,3224800,0.0,0.0
2022-10-18,87.56,88.49,85.7,86.26,2977200,0.0,0.0
2022-10-19,85.52,86.77,85.0,85.95,2000800,0.0,0.0
2022-10-20,85.72,86.06,83.41,83.68,3838700,0.0,0.0
2022-10-21,83.82,85.08,82.14,84.81,4236900,0.0,0.0
2022-10-24,85.71,86.21,84.61,84.91,3569600,0.0,0.0
2022-10-25,85.05,86.56,85.0,85.7,6208000,0.0,0.0
2022-10-26,86.34,89.17,85.91,86.76,4502500,0.0,0.0
2022-10-27,87.13,87.32,84.57,86.3,4338700,0.0,0.0
2022-10-28,72.61,74.0,69.7,70.87,18719700,0.0,0.0
2022-10-31,70.5,73.04,70.2,72.43,8015400,0.0,0.0
2022-11-01,73.36,74.05,70.85,72.59,7691200,0.0,0.0
2022-11-02,72.59,73.87,70.3,70.31,11860500,0.0,0.0
2022-11-03,69.51,69.8,68.03,68.66,12897400,0.0,0.0
2022-11-04,69.86,69.98,67.37,68.54,6172600,0.0,0.0
2022-11-07,69.03,70.12,68.23,68.77,5785200,0.0,0.0
2022-11-08,68.46,69.96,67.13,69.69,12586400,0.0,0.0
2022-11-09,69.55,71.48,69.24,69.99,10835800,0.0,0.0
2022-11-10,72.71,73.66,71.08,72.55,4030700,0.0,0.0
2022-11-11,73.39,75.8,73.2,74.65,4984500,0.0,0.0
2022-11-14,74.39,75.56,73.39,73.51,4636500,0.0,0.0
2022-11-15,74.18,76.45,74.18,75.96,7599600,0.0,0.0
2022-11-16,76.1,76.81,74.88,75.03,5152000,0.0,0.0
2022-11-17,74.15,74.4,73.43,73.72,3413000,0.0,0.0
2022-11-18,74.91,75.5,74.45,75.04,3519700,0.0,0.0
2022-11-21,74.18,74.77,73.9,74.1,6162800,0.0,0.0
2022-11-22,74.0,74.6,72.92,74.31,3982000,0.0,0.0
2022-11-23,74.61,76.19,74.55,75.91,3466300,0.0,0.0
2022-11-25,75.95,76.47,75.57,76.36,1566800,0.0,0.0
2022-11-28,75.71,76.66,75.29,75.78,3643300,0.0,0.0
2022-11-29,76.03,76.61,74.66,74.85,6380200,0.0,0.0
2022-11-30,75.36,77.25,74.38,77.25,7007400,0.0,0.0
2022-12-01,78.0,78.54,77.04,77.56,4397900,0.0,0.0
2022-12-02,76.42,76.98,75.02,76.55,3156800,0.0,0.0
2022-12-05,75.72,76.14,73.78,73.85,11782400,0.0,0.0
2022-12-06,72.35,72.92,71.75,72.27,7374400,0.0,0.0
2022-12-07,72.23,73.05,72.04,72.58,7678800,0.0,0.0
2022-12-08,73.65,73.81,71.02,72.48,7249800,0.0,0.0
2022-12-09,72.22,74.51,72.03,74.01,6135100,0.0,0.0
2022-12-12,74.32,75.96,74.0,75.32,4783400,0.0,0.0
2022-12-13,76.9,77.66,74.8,75.96,4041900,0.0,0.0
2022-12-14,75.95,77.58,75.39,75.82,5055800,0.0,0.0
2022-12-15,74.8,75.46,73.36,73.55,5150700,0.0,0.0
2022-12-16,73.41,73.63,72.57,73.01,9059600,0.0,0.0
2022-12-19,72.8,74.12,72.25,73.43,3757700,0.0,0.0
2022-12-20,73.02,74.49,72.95,73.42,4066200,0.0,0.0
2022-12-21,73.74,75.19,73.51,74.76,3616400,0.0,0.0
2022-12-22,74.37,74.71,72.92,74.45,4005300,0.0,0.0
2022-12-23,74.0,74.68,73.51,74.19,2304600,0.0,0.0
2022-12-27,73.71,74.37,72.61,73.59,2050900,0.0,0.0
2022-12-28,73.95,74.52,73.09,73.11,1793700,0.0,0.0
2022-12-29,73.86,75.43,73.48,75.21,3683100,0.0,0.0
2022-12-30,74.58,74.93,73.47,74.61,2378700,0.0,0.0
2023-01-03,76.01,76.94,73.95,74.27,3197700,0.0,0.0
2023-01-04,75.13,76.55,74.52,76.47,3071100,0.0,0.0
2023-01-05,76.1,76.48,75.03,75.18,2691900,0.0,0.0
2023-01-06,75.87,77.13,74.25,77.01,3610400,0.0,0.0
2023-01-09,77.5,78.26,76.33,76.35,3316500,0.0,0.0
2023-01-10,76.34,77.55,76.09,77.02,3267500,0.0,0.0
2023-01-11,78.11,78.5,76.69,77.71,4227800,0.0,0.0
2023-01-12,78.17,78.49,76.78,77.75,2815300,0.0,0.0
2023-01-13,77.44,78.42,77.44,78.31,2031900,0.0,0.0
2023-01-17,78.0,78.99,77.5,78.86,3689200,0.0,0.0
2023-01-18,79.0,79.45,78.15,78.31,2929500,0.0,0.0
2023-01-19,77.87,78.93,77.31,78.47,2980200,0.0,0.0
2023-01-20,78.91,79.44,77.69,79.29,2887600,0.0,0.0
2023-01-23,79.34,80.78,78.99,80.06,2349800,0.0,0.0
2023-01-24,79.47,80.11,77.03,77.11,2435000,0.0,0.0
2023-01-25,76.13,77.74,75.56,77.69,2593200,0.0,0.0
2023-01-26,78.5,78.55,77.29,78.21,2360400,0.0,0.0
2023-01-27,78.38,78.84,77.81,78.14,2623100,0.0,0.0
2023-01-30,76.48,77.61,75.89,76.06,3418500,0.0,0.0
2023-01-31,74.97,76.85,74.96,76.7,6280400,0.0,0.0
2023-02-01,79.11,81.54,77.76,81.48,7456600,0.0,0.0
2023-02-02,82.06,84.85,81.75,84.51,5586800,0.0,0.0
2023-02-03,83.52,84.14,81.39,82.12,4743800,0.0,0.0
2023-02-06,80.75,81.07,78.69,79.09,3999300,0.0,0.0
2023-02-07,79.12,80.23,78.66,80.04,3593800,0.0,0.0
2023-02-08,79.86,80.05,77.99,78.08,3762700,0.0,0.0
2023-02-09,78.01,78.95,77.17,77.28,3781900,0.0,0.0
2023-02-10,76.97,78.03,76.8,77.2,2597600,0.0,0.0
2023-02-13,77.55,77.93,76.88,77.61,1989500,0.0,0.0
2023-02-14,77.63,78.14,76.28,76.59,2914000,0.0,0.0
2023-02-15,76.01,77.95,76.01,77.92,2078700,0.0,0.0
2023-02-16,76.59,78.32,76.42,77.28,2610100,0.0,0.0
2023-02-17,76.41,78.57,76.18,78.51,3817100,0.0,0.0
2023-02-21,77.79,77.85,75.33,75.55,4025700,0.0,0.0
2023-02-22,75.58,76.56,75.35,75.43,4271700,0.0,0.0
2023-02-23,76.04,77.67,75.58,77.58,3207000,0.0,0.0
2023-02-24,76.96,77.29,75.87,76.25,3388500,0.0,0.0
2023-02-27,76.99,78.36,76.81,77.34,3437300,0.0,0.0
2023-02-28,77.11,80.98,77.11,80.44,5902100,0.0,0.0
2023-03-01,80.08,80.08,78.69,79.85,4022700,0.0,0.0
2023-03-02,79.1,80.86,79.0,80.23,3525300,0.0,0.0
2023-03-03,81.17,82.16,80.76,81.92,2598700,0.0,0.0
2023-03-06,81.27,81.34,78.58,78.8,4371600,0.0,0.0
2023-03-07,78.85,80.01,78.76,78.92,3494800,0.0,0.0
2023-03-08,77.14,77.5,76.11,77.27,3318600,0.0,0.0
2023-03-09,77.81,78.13,75.95,76.03,2490800,0.0,0.0
2023-03-10,76.15,76.15,74.04,74.34,4097600,0.0,0.0
2023-03-13,74.25,77.03,73.54,76.62,5851700,0.0,0.0
2023-03-14,77.87,78.25,76.6,78.2,8343600,0.0,0.0
2023-03-15,77.46,79.54,77.0,79.48,3695200,0.0,0.0
2023-03-16,78.87,82.25,78.56,81.91,4780400,0.0,0.0
2023-03-17,82.7,82.7,80.28,80.74,4710200,0.0,0.0
2023-03-20,80.63,81.71,80.02,81.08,3866800,0.0,0.0
2023-03-21,81.26,82.46,81.03,81.73,4227400,0.0,0.0
2023-03-22,81.76,81.89,79.38,79.41,3259300,0.0,0.0
2023-03-23,79.99,81.16,78.88,79.55,2701300,0.0,0.0
2023-03-24,79.55,81.02,79.37,80.76,2759100,0.0,0.0
2023-03-27,81.46,82.2,80.74,80.92,3149800,0.0,0.0
2023-03-28,80.75,81.47,80.18,80.49,3092000,0.0,0.0
2023-03-29,81.0,81.66,80.85,81.64,2197000,0.0,0.0
2023-03-30,82.48,82.6,81.05,81.57,1701400,0.0,0.0
2023-03-31,82.04,82.78,81.39,82.73,2878700,0.0,0.0
2023-04-03,82.31,82.73,81.64,82.17,2295000,0.0,0.0
2023-04-04,82.49,83.59,82.18,83.2,2777800,0.0,0.0
2023-04-05,83.52,83.63,82.76,83.45,2375100,0.0,0.0
2023-04-06,83.42,83.92,82.77,83.88,1594900,0.0,0.0
2023-04-10,83.33,83.33,81.78,82.75,2256900,0.0,0.0
2023-04-11,82.64,83.17,82.05,82.2,2341400,0.0,0.0
2023-04-12,82.64,83.75,82.21,82.92,3015300,0.0,0.0
2023-04-13,83.37,84.71,82.94,84.66,2011000,0.0,0.0
2023-04-14,84.35,84.94,83.42,84.36,2487300,0.0,0.0
2023-04-17,84.71,84.85,83.45,84.05,1636900,0.0,0.0
2023-04-18,84.57,84.57,83.75,84.35,2008700,0.0,0.0
2023-04-19,84.95,87.1,84.7,86.5,5562800,0.0,0.0
2023-04-20,86.55,87.08,85.35,85.73,4271300,0.0,0.0
2023-04-21,86.25,87.0,85.98,86.54,2736700,0.0,0.0
2023-04-24,87.0,88.84,86.89,88.79,4105000,0.0,0.0
2023-04-25,88.47,88.85,87.65,87.77,3148700,0.0,0.0
2023-04-26,87.74,87.99,86.91,87.41,3089800,0.0,0.0
2023-04-27,85.0,87.07,83.0,86.72,3983100,0.0,0.0
2023-04-28,87.2,88.54,86.67,87.98,3306200,0.0,0.0
2023-05-01,87.52,88.34,86.87,87.55,2204000,0.0,0.0
2023-05-02,87.99,88.89,87.42,87.81,3085900,0.0,0.0
2023-05-03,88.69,89.26,87.93,88.1,2153800,0.0,0.0
2023-05-04,87.5,88.68,87.26,87.9,1797700,0.0,0.0
2023-05-05,88.51,88.85,87.79,88.74,1567400,0.0,0.0
2023-05-08,88.22,89.18,87.95,89.02,2148200,0.0,0.0
2023-05-09,88.68,89.17,88.35,88.7,1585300,0.0,0.0
2023-05-10,89.22,89.58,87.8,88.85,2398300,0.0,0.0
2023-05-11,89.05,89.35,88.23,88.78,1744500,0.0,0.0
2023-05-12,88.74,89.25,88.39,89.18,1565400,0.0,0.0
2023-05-15,89.12,89.72,88.51,88.92,2291500,0.0,0.0
2023-05-16,88.79,89.12,88.43,88.66,1407900,0.0,0.0
2023-05-17,88.7,88.96,86.26,87.66,2414100,0.0,0.0
2023-05-18,87.94,88.14,86.59,87.41,2893900,0.0,0.0
2023-05-19,87.76,88.31,87.2,87.93,3004300,0.0,0.0
2023-05-22,87.82,89.4,87.64,89.16,1812300,0.0,0.0
2023-05-23,88.52,89.14,84.05,84.74,3061600,0.0,0.0
2023-05-24,84.23,84.44,83.58,83.84,2012600,0.0,0.0
2023-05-25,84.0,84.01,80.94,81.65,3438800,0.0,0.0
2023-05-26,81.54,82.1,81.3,82.01,2308600,0.0,0.0
2023-05-30,82.21,82.3,81.03,81.41,2768500,0.0,0.0
2023-05-31,81.89,84.72,81.3,84.23,6117600,0.0,0.0
2023-06-01,84.06,85.24,82.98,85.23,2548500,0.0,0.0
2023-06-02,85.62,85.88,84.8,85.34,2042800,0.0,0.0
2023-06-05,84.94,85.97,84.94,85.94,1695500,0.0,0.0
2023-06-06,86.43,86.76,84.85,85.18,1782300,0.0,0.0
2023-06-07,85.36,85.47,82.69,83.48,2255200,0.0,0.0
2023-06-08,83.48,84.32,83.04,83.96,1562300,0.0,0.0
2023-06-09,84.55,84.55,83.24,84.1,2150000,0.0,0.0
2023-06-12,83.79,85.79,83.61,85.57,2581900,0.0,0.0
2023-06-13,85.75,87.5,85.72,87.4,2615200,0.0,0.0
2023-06-14,89.77,92.49,89.4,90.53,5316900,0.0,0.0
2023-06-15,90.2,91.64,89.13,91.29,3577700,0.0,0.0
2023-06-16,91.98,92.93,91.62,91.94,6597700,0.0,0.0
2023-06-20,90.07,92.06,89.57,91.91,2694500,0.0,0.0
2023-06-21,91.52,92.25,90.33,91.09,2177200,0.0,0.0
2023-06-22,91.3,91.38,90.55,91.33,1889200,0.0,0.0
2023-06-23,90.67,91.01,90.18,90.34,3346100,0.0,0.0
2023-06-26,90.25,90.39,88.66,89.49,1945400,0.0,0.0
2023-06-27,90.15,90.4,89.09,90.19,2005400,0.0,0.0
2023-06-28,90.05,90.64,89.69,90.44,1512400,0.0,0.0
2023-06-29,90.41,92.06,90.26,92.02,2710800,0.0,0.0
2023-06-30,93.27,94.87,93.13,94.33,4479400,0.0,0.0
2023-07-03,93.62,93.67,90.76,91.49,1725500,0.0,0.0
2023-07-05,91.03,91.65,90.08,90.96,2370800,0.0,0.0
2023-07-06,90.0,90.88,89.39,90.46,2289400,0.0,0.0
2023-07-07,90.02,91.01,89.65,90.26,4082700,0.0,0.0
2023-07-10,90.52,92.17,90.36,91.64,3119700,0.0,0.0
2023-07-11,91.67,92.61,91.61,92.44,1859100,0.0,0.0
2023-07-12,93.29,93.48,92.27,93.1,2620000,0.0,0.0
2023-07-13,93.61,93.87,92.65,93.09,2456300,0.0,0.0
2023-07-14,93.36,94.34,92.61,93.38,2599400,0.0,0.0
2023-07-17,92.9,93.54,92.29,92.65,1591100,0.0,0.0
2023-07-18,92.29,92.33,91.46,91.99,2299500,0.0,0.0
2023-07-19,92.91,93.5,90.96,91.62,2212200,0.0,0.0
2023-07-20,91.44,93.34,91.4,92.65,2337000,0.0,0.0
2023-07-21,92.56,92.95,91.87,92.57,2048700,0.0,0.0
2023-07-24,92.76,92.93,91.35,91.4,2860100,0.0,0.0
2023-07-25,91.39,92.2,91.2,91.68,2509600,0.0,0.0
2023-07-26,91.27,91.94,90.88,91.63,3264100,0.0,0.0
2023-07-27,87.0,87.24,82.57,82.67,11588700,0.0,0.0
2023-07-28,82.94,84.81,82.1,83.74,5128500,0.0,0.0
2023-07-31,84.35,84.5,81.82,82.07,4302800,0.0,0.0
2023-08-01,81.5,82.1,81.05,82.05,3753300,0.0,0.0
2023-08-02,81.45,81.98,80.29,80.38,3495400,0.0,0.0
2023-08-03,80.17,80.64,79.3,80.0,3131100,0.0,0.0
2023-08-04,79.69,80.37,79.33,79.55,3309200,0.0,0.0
2023-08-07,79.94,80.62,79.48,79.84,2612100,0.0,0.0
2023-08-08,79.0,79.0,77.16,78.59,4598000,0.0,0.0
2023-08-09,78.44,79.24,77.69,77.97,3159300,0.0,0.0
2023-08-10,78.0,79.08,77.94,78.28,3015800,0.0,0.0
2023-08-11,78.0,79.58,77.9,79.41,3898300,0.0,0.0
2023-08-14,79.3,80.63,79.29,80.53,4097300,0.0,0.0
2023-08-15,80.47,80.8,79.77,79.86,4122300,0.0,0.0
2023-08-16,79.22,79.98,78.71,78.79,4524300,0.0,0.0
2023-08-17,78.75,78.78,76.7,76.83,2980500,0.0,0.0
2023-08-18,76.5,77.19,76.03,76.58,3156500,0.0,0.0
2023-08-21,76.83,76.97,75.67,76.33,3315600,0.0,0.0
2023-08-22,76.03,76.42,75.56,75.97,3441000,0.0,0.0
2023-08-23,76.22,76.46,75.35,75.9,3556200,0.0,0.0
2023-08-24,76.25,76.49,74.96,75.01,2793700,0.0,0.0
2023-08-25,75.31,76.26,74.9,76.17,2112800,0.0,0.0
2023-08-28,77.24,77.5,75.52,76.03,2793400,0.0,0.0
2023-08-29,76.26,77.88,76.03,77.83,3265300,0.0,0.0
2023-08-30,77.88,78.62,77.76,77.82,2263000,0.0,0.0
2023-08-31,77.79,78.04,76.42,76.47,2739500,0.0,0.0
2023-09-01,77.18,77.2,75.85,76.38,2388900,0.0,0.0
2023-09-05,76.27,76.4,75.34,75.97,4630200,0.0,0.0
2023-09-06,76.14,77.16,75.78,76.96,3396300,0.0,0.0
2023-09-07,77.03,77.41,75.88,76.09,3275700,0.0,0.0
2023-09-08,76.0,76.0,73.94,74.07,3779700,0.0,0.0
2023-09-11,74.01,75.39,73.99,74.87,3103400,0.0,0.0
2023-09-12,74.47,74.94,73.06,73.37,3237900,0.0,0.0
2023-09-13,73.01,73.53,72.76,73.17,3031400,0.0,0.0
2023-09-14,73.71,74.6,73.08,74.02,2810600,0.0,0.0
2023-09-15,73.88,74.53,73.13,73.2,3985600,0.0,0.0
2023-09-18,72.34,73.11,71.73,72.94,4076400,0.0,0.0
2023-09-19,72.25,73.24,71.72,73.02,2971500,0.0,0.0
2023-09-20,73.36,73.53,71.92,71.95,3286600,0.0,0.0
2023-09-21,71.79,71.89,70.04,70.18,3012200,0.0,0.0
2023-09-22,70.5,70.74,69.53,69.66,3077700,0.0,0.0
2023-09-25,69.35,69.69,68.95,69.46,3139200,0.0,0.0
2023-09-26,69.41,70.97,69.33,70.37,4219100,0.0,0.0
2023-09-27,70.98,71.86,69.55,70.11,2972500,0.0,0.0
2023-09-28,70.06,70.3,69.12,69.96,5230600,0.0,0.0
2023-09-29,70.31,70.44,69.11,69.28,3608700,0.0,0.0
2023-10-02,68.86,69.22,68.39,69.18,3154300,0.0,0.0
2023-10-03,68.61,70.18,68.61,69.6,4559000,0.0,0.0
2023-10-04,69.79,71.38,69.13,71.27,5147200,0.0,0.0
2023-10-05,71.24,72.54,70.93,72.2,4718200,0.0,0.0
2023-10-06,72.03,74.37,72.03,73.7,4670600,0.0,0.0
2023-10-09,73.17,73.53,72.17,72.9,3527300,0.0,0.0
2023-10-10,72.68,73.32,71.01,72.91,5807200,0.0,0.0
2023-10-11,72.51,72.57,69.2,71.14,4111600,0.0,0.0
2023-10-12,71.29,71.72,69.88,69.92,4536400,0.0,0.0
2023-10-13,69.28,70.83,68.91,70.78,3362800,0.0,0.0
2023-10-16,70.47,71.8,69.96,71.27,3676500,0.0,0.0
2023-10-17,70.89,71.96,70.13,70.33,2440400,0.0,0.0
2023-10-18,70.55,70.8,69.56,69.71,3425800,0.0,0.0
2023-10-19,69.8,69.95,68.8,69.08,2845300,0.0,0.0
2023-10-20,69.02,69.76,68.71,69.48,3254700,0.0,0.0
2023-10-23,69.22,69.73,68.21,69.05,3761700,0.0,0.0
2023-10-24,68.89,73.26,66.66,70.49,10547200,0.0,0.0
2023-10-25,70.12,70.32,67.68,68.34,6398300,0.0,0.0
2023-10-26,62.5,64.56,61.5,62.78,10377200,0.0,0.0
2023-10-27,63.1,64.15,61.01,61.71,7053900,0.0,0.0
2023-10-30,62.06,62.47,60.57,62.36,4865500,0.0,0.0
2023-10-31,62.4,64.25,62.33,63.72,6504900,0.0,0.0
2023-11-01,63.5,64.12,62.52,63.83,5164800,0.0,0.0
2023-11-02,64.56,65.73,64.08,65.53,3809100,0.0,0.0
2023-11-03,66.65,67.6,66.62,67.07,3806000,0.0,0.0
2023-11-06,67.22,67.82,67.02,67.1,3260800,0.0,0.0
2023-11-07,67.48,67.67,66.17,66.53,3315600,0.0,0.0
2023-11-08,67.0,67.23,65.94,66.24,2600200,0.0,0.0
2023-11-09,66.42,66.71,64.6,64.65,3196900,0.0,0.0
2023-11-10,65.1,65.1,63.88,64.21,10061000,0.0,0.0
2023-11-13,65.83,66.22,64.07,64.6,5709800,0.0,0.0
2023-11-14,65.7,66.56,65.1,65.79,4608200,0.0,0.0
2023-11-15,65.88,67.48,65.37,67.01,6288500,0.0,0.0
2023-11-16,67.2,67.62,66.78,67.47,3720800,0.0,0.0
2023-11-17,67.78,68.05,66.66,66.9,3368700,0.0,0.0
2023-11-20,66.56,67.49,66.5,67.19,4328300,0.0,0.0
2023-11-21,67.74,67.87,66.58,66.96,3497100,0.0,0.0
2023-11-22,67.23,67.77,66.91,67.06,3488900,0.0,0.0
2023-11-24,67.0,67.91,67.0,67.9,2053700,0.0,0.0
2023-11-27,67.59,67.9,66.93,67.16,2797400,0.0,0.0
2023-11-28,65.6,67.27,65.12,67.1,5196100,0.0,0.0
2023-11-29,67.55,68.31,67.14,67.43,3148700,0.0,0.0
2023-11-30,67.5,67.74,66.4,67.71,7548400,0.0,0.0
2023-12-01,67.46,68.59,67.08,68.36,4207600,0.0,0.0
2023-12-04,68.36,69.97,68.03,69.18,4427000,0.0,0.0
2023-12-05,68.71,69.57,68.04,68.85,4509300,0.0,0.0
2023-12-06,68.72,70.18,68.34,69.49,4710400,0.0,0.0
2023-12-07,70.36,70.87,66.86,68.26,6138900,0.0,0.0
2023-12-08,68.63,69.97,68.0,69.18,5901700,0.0,0.0
2023-12-11,68.94,70.32,68.94,70.31,4642400,0.0,0.0
2023-12-12,70.51,72.45,70.14,72.18,6581300,0.0,0.0
2023-12-13,72.07,75.99,71.81,75.22,8097600,0.0,0.0
2023-12-14,76.07,79.05,76.0,77.76,8705900,0.0,0.0
2023-12-15,77.69,78.35,76.84,76.9,11292900,0.0,0.0
2023-12-18,76.85,77.26,74.82,74.88,5089900,0.0,0.0
2023-12-19,75.24,76.08,75.15,75.31,5135200,0.0,0.0
2023-12-20,75.2,76.09,74.04,74.12,4275500,0.0,0.0
2023-12-21,74.37,75.52,74.37,74.95,3509400,0.0,0.0
2023-12-22,75.29,76.27,75.08,75.83,3002400,0.0,0.0
2023-12-26,75.75,76.63,75.5,76.28,2191400,0.0,0.0
2023-12-27,76.08,76.63,75.82,76.21,2152600,0.0,0.0
2023-12-28,76.3,77.2,76.1,76.71,1982800,0.0,0.0
2023-12-29,76.65,76.77,76.14,76.25,1905700,0.0,0.0
2024-01-02,75.69,76.68,74.96,75.57,2677500,0.0,0.0
2024-01-03,75.26,75.26,72.97,73.13,3057900,0.0,0.0
2024-01-04,71.97,73.83,71.67,73.52,3705900,0.0,0.0
2024-01-05,73.17,73.61,72.4,72.85,2694300,0.0,0.0
2024-01-08,73.17,75.72,72.5,75.67,3060600,0.0,0.0
2024-01-09,75.21,76.65,75.08,75.83,2630500,0.0,0.0
2024-01-10,76.2,76.61,75.25,76.12,2548500,0.0,0.0
2024-01-11,76.03,76.12,74.8,75.14,2650200,0.0,0.0
2024-01-12,75.64,76.01,73.89,74.03,2756500,0.0,0.0
2024-01-16,73.43,74.27,72.99,73.99,4298200,0.0,0.0
2024-01-17,73.59,73.94,72.81,73.82,2763300,0.0,0.0
2024-01-18,73.93,74.55,73.38,74.44,3822600,0.0,0.0
2024-01-19,74.64,74.75,73.53,74.31,3581200,0.0,0.0
2024-01-22,74.75,76.54,74.61,75.16,3408100,0.0,0.0
2024-01-23,75.59,75.86,74.13,74.83,2410100,0.0,0.0
2024-01-24,75.16,75.19,72.47,72.54,4457400,0.0,0.0
2024-01-25,73.33,73.78,71.92,73.55,4588500,0.0,0.0
2024-01-26,73.55,73.81,72.97,73.24,2812100,0.0,0.0
2024-01-29,72.98,74.62,72.71,74.57,2685700,0.0,0.0
2024-01-30,74.36,74.48,73.68,73.9,2118600,0.0,0.0
2024-01-31,77.76,79.93,77.19,78.47,9470400,0.0,0.0
2024-02-01,78.29,78.91,77.11,78.71,5020800,0.0,0.0
2024-02-02,80.0,86.47,79.72,86.09,11803000,0.0,0.0
2024-02-05,88.0,90.2,85.99,86.06,10824800,0.0,0.0
2024-02-06,86.13,88.83,85.0,88.25,7192400,0.0,0.0
2024-02-07,89.44,89.44,82.53,86.61,7386800,0.0,0.0
2024-02-08,86.45,86.65,85.21,85.8,3723100,0.0,0.0
2024-02-09,86.08,86.69,84.89,85.01,3052100,0.0,0.0
2024-02-12,84.83,87.47,84.44,87.12,3826100,0.0,0.0
2024-02-13,86.0,87.48,85.31,86.26,4013000,0.0,0.0
2024-02-14,86.62,87.28,85.03,86.04,4976600,0.0,0.0
2024-02-15,86.3,86.71,85.38,86.04,2727300,0.0,0.0
2024-02-16,85.84,87.25,85.43,86.1,2122100,0.0,0.0
2024-02-20,85.8,87.0,85.3,86.9,3235800,0.0,0.0
2024-02-21,87.02,87.16,86.2,86.65,2142400,0.0,0.0
2024-02-22,86.36,87.76,85.49,87.62,2460700,0.0,0.0
2024-02-23,87.92,88.33,87.37,87.74,2797900,0.0,0.0
2024-02-26,87.39,87.73,85.84,86.15,6366000,0.0,0.0
2024-02-27,86.12,86.72,85.41,86.51,4069700,0.0,0.0
2024-02-28,86.32,86.62,85.48,86.0,2635400,0.0,0.0
2024-02-29,86.0,86.03,84.43,84.87,5175100,0.0,0.0
2024-03-01,84.4,85.74,83.61,85.22,3296200,0.0,0.0
2024-03-04,85.36,87.59,85.32,87.02,6772500,0.0,0.0
2024-03-05,86.79,87.4,85.66,86.1,2226200,0.0,0.0
2024-03-06,86.43,88.65,86.28,88.33,3552000,0.0,0.0
2024-03-07,90.98,93.89,90.74,93.81,6846600,0.0,0.0
2024-03-08,93.34,94.21,91.91,92.14,5909400,0.0,0.0
2024-03-11,91.73,92.04,90.7,90.83,2974000,0.0,0.0
2024-03-12,90.58,91.15,89.79,90.91,2323900,0.0,0.0
2024-03-13,90.91,93.3,90.09,92.93,7036400,0.0,0.0
2024-03-14,93.03,95.27,92.47,93.36,5066700,0.0,0.0
2024-03-15,92.46,94.0,92.16,92.31,5700200,0.0,0.0
2024-03-18,92.48,93.04,91.95,92.85,2899700,0.0,0.0
2024-03-19,93.14,94.44,92.32,94.31,3893500,0.0,0.0
2024-03-20,94.26,94.4,91.98,93.04,3385200,0.0,0.0
2024-03-21,93.9,95.18,93.88,94.68,3731800,0.0,0.0
2024-03-22,94.46,95.08,93.2,93.79,2453000,0.0,0.0
2024-03-25,93.93,94.5,92.96,93.16,2497200,0.0,0.0
2024-03-26,93.47,94.33,93.22,93.42,2750100,0.0,0.0
2024-03-27,93.75,95.35,93.59,95.15,3656800,0.0,0.0
2024-03-28,95.48,96.12,94.87,95.56,4007500,0.0,0.0
2024-04-01,95.73,95.73,93.27,94.25,3506300,0.0,0.0
2024-04-02,93.45,94.41,92.37,94.31,2727500,0.0,0.0
2024-04-03,93.95,95.07,92.77,93.02,3189400,0.0,0.0
2024-04-04,93.68,94.37,91.11,91.2,3929000,0.0,0.0
2024-04-05,91.4,92.93,90.86,92.7,2563300,0.0,0.0
2024-04-08,92.61,92.86,91.57,92.34,2667000,0.0,0.0
2024-04-09,92.34,93.11,91.17,93.05,2633600,0.0,0.0
2024-04-10,91.73,91.89,90.81,91.51,2836400,0.0,0.0
2024-04-11,92.83,92.99,91.02,91.41,2453600,0.0,0.0
2024-04-12,90.78,90.78,89.38,90.28,3155500,0.0,0.0
2024-04-15,91.35,91.73,88.96,89.2,2863100,0.0,0.0
2024-04-16,89.09,90.4,87.87,90.05,2640500,0.0,0.0
2024-04-17,89.89,89.89,86.45,87.24,2878100,0.0,0.0
2024-04-18,87.35,87.35,85.98,86.45,3122000,0.0,0.0
2024-04-19,87.2,87.2,85.38,85.94,3895700,0.0,0.0
2024-04-22,86.54,87.11,85.73,86.96,2408100,0.0,0.0
2024-04-23,87.4,87.93,86.76,87.75,2663600,0.0,0.0
2024-04-24,87.88,89.17,87.7,88.61,3234900,0.0,0.0
2024-04-25,88.0,88.73,86.66,88.01,4295300,0.0,0.0
2024-04-26,87.0,88.38,84.71,86.43,4979900,0.0,0.0
2024-04-29,86.43,87.21,85.13,85.95,2931200,0.0,0.0
2024-04-30,85.35,86.53,84.49,84.67,3097600,0.0,0.0
2024-05-01,84.1,85.73,83.5,84.3,2203100,0.0,0.0
2024-05-02,84.9,85.44,83.81,85.06,1942900,0.0,0.0
2024-05-03,85.85,86.95,85.2,85.25,2327200,0.0,0.0
2024-05-06,85.83,86.0,84.81,85.09,2449700,0.0,0.0
2024-05-07,85.6,86.19,85.01,85.84,1836600,0.0,0.0
2024-05-08,85.73,86.32,84.82,85.09,1727900,0.0,0.0
2024-05-09,85.31,87.79,85.01,87.42,3421900,0.0,0.0
2024-05-10,87.63,88.09,86.53,86.72,1988000,0.0,0.0
2024-05-13,87.04,87.09,84.67,84.7,2579300,0.0,0.0
2024-05-14,85.84,86.56,85.16,86.46,2127400,0.0,0.0
2024-05-15,87.23,90.37,86.79,90.16,3111300,0.0,0.0
2024-05-16,90.09,90.98,89.95,90.11,2204200,0.0,0.0
2024-05-17,90.28,90.48,88.58,89.14,2070800,0.0,0.0
2024-05-20,89.33,89.92,89.0,89.78,1668100,0.0,0.0
2024-05-21,90.21,90.73,90.01,90.34,2346000,0.0,0.0
2024-05-22,90.95,91.94,90.03,90.21,2266200,0.0,0.0
2024-05-23,90.18,90.2,87.05,87.46,2635300,0.0,0.0
2024-05-24,87.66,88.32,87.31,87.98,1786600,0.0,0.0
2024-05-28,87.8,88.2,86.57,87.04,2592100,0.0,0.0
2024-05-29,86.1,87.63,86.03,87.03,2065700,0.0,0.0
2024-05-30,87.68,88.63,87.42,87.89,2343400,0.0,0.0
2024-05-31,87.68,87.91,85.79,86.89,4619600,0.0,0.0
2024-06-03,88.41,88.86,86.89,87.86,2658200,0.0,0.0
2024-06-04,87.92,88.14,86.95,87.41,1825400,0.0,0.0
2024-06-05,87.46,87.9,86.64,87.07,1712900,0.0,0.0
2024-06-06,86.9,88.06,86.41,87.68,1680400,0.0,0.0
2024-06-07,87.41,88.25,86.62,88.14,2427100,0.0,0.0
2024-06-10,87.71,87.86,85.6,86.1,2229300,0.0,0.0
2024-06-11,86.01,87.6,85.38,87.0,2241900,0.0,0.0
2024-06-12,87.4,89.03,87.05,87.77,2460700,0.0,0.0
2024-06-13,87.32,87.94,86.67,87.67,1805200,0.0,0.0
2024-06-14,87.5,87.72,86.75,87.29,1527600,0.0,0.0
2024-06-17,85.2,87.11,85.12,86.87,2093500,0.0,0.0
2024-06-18,86.89,89.0,86.2,88.52,3710000,0.0,0.0
2024-06-20,88.08,90.49,87.06,88.84,5442900,0.0,0.0
2024-06-21,89.61,90.97,88.86,90.9,5254500,0.0,0.0
2024-06-24,90.9,92.16,90.15,90.17,2718900,0.0,0.0
2024-06-25,90.36,91.15,89.52,91.08,2746200,0.0,0.0
2024-06-26,90.72,92.14,90.18,91.56,2854500,0.0,0.0
2024-06-27,92.16,93.62,92.16,93.34,3309500,0.0,0.0
2024-06-28,93.59,93.99,92.18,92.37,11670900,0.0,0.0
2024-07-01,90.3,93.0,90.18,90.25,3277700,0.0,0.0
2024-07-02,90.0,91.36,89.8,91.23,1908900,0.0,0.0
2024-07-03,91.21,92.11,90.61,91.08,1497100,0.0,0.0
2024-07-05,91.24,92.45,90.62,92.32,1515200,0.0,0.0
2024-07-08,92.16,92.49,91.67,91.84,1941300,0.0,0.0
2024-07-09,92.24,93.66,91.42,93.48,2227000,0.0,0.0
2024-07-10,93.62,94.1,92.1,93.78,2419700,0.0,0.0
2024-07-11,94.18,95.25,92.81,92.85,3057100,0.0,0.0
2024-07-12,92.8,92.88,90.89,90.99,3488000,0.0,0.0
2024-07-15,91.49,91.49,88.9,89.5,3052400,0.0,0.0
2024-07-16,89.59,89.86,87.1,87.73,4499200,0.0,0.0
2024-07-17,87.99,88.61,86.65,87.31,4220600,0.0,0.0
2024-07-18,86.8,88.56,84.91,85.81,3557900,0.0,0.0
2024-07-19,87.04,87.5,85.75,86.5,2433900,0.0,0.0
2024-07-22,86.68,88.5,86.5,87.99,2741900,0.0,0.0
2024-07-23,87.67,88.28,86.76,87.05,2633400,0.0,0.0
2024-07-24,86.97,87.6,86.22,86.95,4091100,0.0,0.0
2024-07-25,64.01,67.8,58.93,59.7,45982100,0.0,0.0
2024-07-26,61.56,63.8,60.28,62.37,14111400,0.0,0.0
2024-07-29,63.96,64.39,62.31,63.74,9888900,0.0,0.0
2024-07-30,62.77,64.33,61.91,63.64,9088800,0.0,0.0
2024-07-31,63.7,64.2,62.15,63.05,7166100,0.0,0.0
2024-08-01,63.05,63.61,61.45,61.86,10039400,0.0,0.0
2024-08-02,61.71,62.1,60.15,60.83,6789800,0.0,0.0
2024-08-05,59.63,62.04,59.41,60.7,7175300,0.0,0.0
2024-08-06,60.71,63.38,60.34,62.01,6928900,0.0,0.0
2024-08-07,62.01,63.32,60.88,61.07,6796000,0.0,0.0
2024-08-08,61.54,63.63,61.33,63.29,6967300,0.0,0.0
2024-08-09,63.09,64.82,62.88,64.64,5985100,0.0,0.0
2024-08-12,64.74,65.56,64.27,65.54,4366100,0.0,0.0
2024-08-13,65.73,67.16,65.47,66.35,5400700,0.0,0.0
2024-08-14,66.45,66.78,65.53,66.5,5798800,0.0,0.0
2024-08-15,67.17,68.22,66.72,68.12,5482100,0.0,0.0
2024-08-16,68.14,69.33,67.93,68.92,4648600,0.0,0.0
2024-08-19,68.86,69.52,67.66,68.26,6538800,0.0,0.0
2024-08-20,68.26,70.2,68.26,69.38,4930200,0.0,0.0
2024-08-21,69.31,70.32,68.95,70.09,3561200,0.0,0.0
2024-08-22,71.0,71.75,70.52,71.3,5022400,0.0,0.0
2024-08-23,71.41,71.8,70.25,70.88,3707600,0.0,0.0
2024-08-26,70.7,70.88,68.66,68.75,5220700,0.0,0.0
2024-08-27,68.63,69.66,68.06,69.63,4280400,0.0,0.0
2024-08-28,69.62,69.99,68.35,68.65,5071400,0.0,0.0
2024-08-29,69.25,71.42,68.71,70.12,6807400,0.0,0.0
2024-08-30,70.33,71.13,69.63,69.96,6521700,0.0,0.0
2024-09-03,69.71,69.96,67.94,68.75,5303800,0.0,0.0
2024-09-04,68.75,69.92,68.24,68.93,3935200,0.0,0.0
2024-09-05,68.81,69.1,64.7,66.02,10225800,0.0,0.0
2024-09-06,66.23,67.04,65.47,66.81,8174800,0.0,0.0
2024-09-09,67.17,67.41,65.5,65.71,6409500,0.0,0.0
2024-09-10,65.55,67.3,65.54,67.14,5696700,0.0,0.0
2024-09-11,67.0,68.4,66.16,68.25,4314300,0.0,0.0
2024-09-12,68.11,68.43,66.74,68.13,4446700,0.0,0.0
2024-09-13,68.04,70.43,67.72,68.52,11862900,0.0,0.0
2024-09-16,68.64,71.07,68.64,69.36,8730400,0.0,0.0
2024-09-17,69.11,71.7,66.69,67.23,11849100,0.0,0.0
2024-09-18,66.95,68.7,65.5,67.53,9585600,0.0,0.0
2024-09-19,68.85,69.08,67.14,67.26,7114300,0.0,0.0
2024-09-20,66.88,67.67,66.38,66.83,10864700,0.0,0.0
2024-09-23,66.83,67.77,66.52,67.36,6250400,0.0,0.0
2024-09-24,67.19,67.3,66.14,66.33,6242500,0.0,0.0
2024-09-25,66.51,66.82,65.09,65.41,8737300,0.0,0.0
2024-09-26,65.96,66.0,64.54,65.77,11259600,0.0,0.0
2024-09-27,66.2,67.32,65.85,66.58,5167000,0.0,0.0
2024-09-30,66.18,66.75,65.2,65.99,7310900,0.0,0.0
2024-10-01,66.08,66.32,64.99,65.1,5786700,0.0,0.0
2024-10-02,64.91,65.77,64.56,65.15,10919000,0.0,0.0
2024-10-03,64.86,66.04,64.08,65.37,6050100,0.0,0.0
2024-10-04,65.79,65.83,64.05,65.49,5959700,0.0,0.0
2024-10-07,65.05,65.19,64.01,64.54,3567100,0.0,0.0
2024-10-08,64.82,68.89,64.51,68.54,10542200,0.0,0.0
2024-10-09,68.72,69.02,67.75,68.02,4744100,0.0,0.0
2024-10-10,67.65,68.52,67.59,68.26,2873000,0.0,0.0
2024-10-11,68.44,69.64,67.96,68.13,4185900,0.0,0.0
2024-10-14,68.71,69.79,68.37,69.63,5919400,0.0,0.0
2024-10-15,69.47,69.8,68.77,68.9,4023800,0.0,0.0
2024-10-16,68.73,68.73,67.65,68.3,3786300,0.0,0.0
2024-10-17,68.8,69.15,68.19,68.47,2989700,0.0,0.0
2024-10-18,68.84,70.42,68.59,70.27,5424800,0.0,0.0
2024-10-21,70.0,70.24,69.15,70.05,3843000,0.0,0.0
2024-10-22,69.89,70.01,69.14,69.24,3338900,0.0,0.0
2024-10-23,68.87,70.68,68.87,70.61,5360200,0.0,0.0
2024-10-24,71.0,71.58,70.15,70.35,6742200,0.0,0.0
2024-10-25,68.88,70.49,68.07,69.38,8171700,0.0,0.0
2024-10-28,70.0,72.15,66.93,68.52,8899500,0.0,0.0
2024-10-29,68.63,71.1,68.59,69.37,6297500,0.0,0.0
2024-10-30,68.52,70.65,66.15,68.63,8123900,0.0,0.0
2024-10-31,68.37,68.37,67.0,67.01,6307300,0.0,0.0
2024-11-01,67.16,68.58,66.67,67.54,4040800,0.0,0.0
2024-11-04,67.62,67.84,66.18,66.47,3970500,0.0,0.0
2024-11-05,66.17,66.72,65.51,66.69,3821700,0.0,0.0
2024-11-06,68.27,68.27,65.61,65.75,5340500,0.0,0.0
2024-11-07,66.02,66.33,65.26,65.84,3856400,0.0,0.0
2024-11-08,66.33,66.78,65.48,66.23,3088400,0.0,0.0
2024-11-11,66.42,67.09,66.35,66.7,5600400,0.0,0.0
2024-11-12,66.5,66.79,64.89,65.81,5087700,0.0,0.0
2024-11-13,65.82,66.89,65.31,66.52,3655800,0.0,0.0
2024-11-14,66.39,67.68,65.83,66.16,4005600,0.0,0.0
2024-11-15,65.31,67.83,65.31,67.76,7530100,0.0,0.0
2024-11-18,67.63,71.08,67.58,69.89,7061300,0.0,0.0
2024-11-19,69.15,70.26,68.3,70.2,4914600,0.0,0.0
2024-11-20,70.55,70.61,68.45,69.54,4305500,0.0,0.0
2024-11-21,69.65,70.88,69.16,70.38,3734600,0.0,0.0
2024-11-22,70.31,71.0,69.96,70.48,2711600,0.0,0.0
2024-11-25,71.0,71.41,70.15,71.27,6645800,0.0,0.0
2024-11-26,71.5,72.44,70.76,71.55,4643400,0.0,0.0
2024-11-27,71.32,72.63,71.32,72.07,2753300,0.0,0.0
2024-11-29,71.57,71.71,70.23,71.35,2126000,0.0,0.0
2024-12-02,70.27,70.53,69.35,70.53,6509700,0.0,0.0
2024-12-03,70.51,70.57,69.6,70.2,5808900,0.0,0.0
2024-12-04,72.01,74.68,71.66,74.2,6702400,0.0,0.0
2024-12-05,73.41,74.36,71.9,72.43,4559500,0.0,0.0
2024-12-06,72.71,73.74,71.52,71.53,3667000,0.0,0.0
2024-12-09,71.6,72.5,70.59,70.9,4145500,0.0,0.0
2024-12-10,71.22,74.16,71.06,73.39,7313500,0.0,0.0
2024-12-11,73.2,74.31,72.9,73.81,3593800,0.0,0.0
2024-12-12,73.27,74.79,73.01,73.97,3852300,0.0,0.0
2024-12-13,73.91,74.28,72.49,73.32,3092500,0.0,0.0
2024-12-16,74.13,74.58,72.91,73.91,5992900,0.0,0.0
2024-12-17,73.5,74.38,73.4,74.12,7070100,0.0,0.0
2024-12-18,73.85,74.31,72.61,72.81,7721000,0.0,0.0
2024-12-19,72.9,74.0,72.29,73.93,8719300,0.0,0.0
2024-12-20,73.3,75.27,72.97,74.81,14210500,0.0,0.0
2024-12-23,74.46,74.9,73.44,74.81,4228800,0.0,0.0
2024-12-24,74.93,75.38,74.43,75.38,1687400,0.0,0.0
2024-12-26,75.0,75.95,74.92,75.92,3146700,0.0,0.0
2024-12-27,75.29,76.23,75.11,75.65,6102800,0.0,0.0
2024-12-30,74.67,75.35,74.08,74.24,2414000,0.0,0.0
